{
    "data": {
        "cereal_class_version": 1,
        "fog": {
            "cereal_class_version": 1,
            "color": {
                "x": 0.08598639070987702,
                "y": 0.7523809671401978,
                "z": 0.08598639070987702
            },
            "density": 0.009999999776482582
        },
        "ssao": {
            "cereal_class_version": 0,
            "strength": 4.0,
            "bias": 0.009999999776482582,
            "radius": 0.20000000298023225,
            "minDistance": 1.0,
            "maxDistance": 3.0
        },
        "fxaa": {
            "cereal_class_version": 0,
            "enableFXAA": true,
            "edgeThresholdMin": 0.031199999153614045,
            "edgeThresholdMax": 0.125,
            "subPixelQuality": 1.2000000476837159,
            "iterations": 12
        },
        "bloom": {
            "cereal_class_version": 1,
            "colorWeights": {
                "x": 0.2125999927520752,
                "y": 0.7152000069618225,
                "z": 0.0722000002861023
            },
            "strength": 0.5,
            "gradientStrength": 0.05000000074505806,
            "maxBrightnessExtraction": 5.0,
            "filterRadius": 0.004999999888241291
        },
        "tonemapping": {
            "cereal_class_version": 8,
            "tonemappingFunction": 7,
            "exposure": 1.0470000505447388,
            "enableVignette": true,
            "vignetteIntensity": 0.13899999856948853,
            "enableLensDistortion": true,
            "lensDistortionIntensity": -0.03999999910593033,
            "lensDistortionCubicIntensity": -0.23399999737739564,
            "screenScale": 0.9879999756813049,
            "enableToneAdjustments": false,
            "brightness": 0.0,
            "contrast": 1.2000000476837159,
            "saturation": 0.8399999737739563,
            "vibrance": 0.9599999785423279,
            "hue": 0.0,
            "enablePixelization": true,
            "minPixelSize": 2.0,
            "maxPixelSize": 4.0,
            "pixelizationLevels": 5.210000038146973,
            "pixelizationDepthBias": 313.0,
            "enablePalette": true,
            "ditherAmount": 0.20000000298023225,
            "paletteAmount": 0.800000011920929,
            "palette": [
                {
                    "x": 0.00394641375169158,
                    "y": 0.10880827903747559,
                    "z": 0.02893940545618534,
                    "w": 1.0
                },
                {
                    "x": 0.0,
                    "y": 0.04663211107254028,
                    "z": 0.02271200530230999,
                    "w": 1.0
                },
                {
                    "x": 0.057533010840415958,
                    "y": 0.21243524551391602,
                    "z": 0.03962522745132446,
                    "w": 1.0
                },
                {
                    "x": 0.1321045309305191,
                    "y": 0.1709844470024109,
                    "z": 0.07353217154741287,
                    "w": 1.0
                },
                {
                    "x": 0.07772022485733032,
                    "y": 0.021342860534787179,
                    "z": 0.021342860534787179,
                    "w": 1.0
                },
                {
                    "x": 0.04663211107254028,
                    "y": 0.014738645404577256,
                    "z": 0.014738645404577256,
                    "w": 1.0
                }
            ],
            "skyColor": {
                "x": 0.24352329969406129,
                "y": 0.2429087609052658,
                "z": 0.12491610646247864,
                "w": 1.0
            },
            "sunColor": {
                "x": 0.6113989353179932,
                "y": 0.3459708094596863,
                "z": 0.11404332518577576,
                "w": 1.0
            },
            "cloudsColor": {
                "x": 0.07253885269165039,
                "y": 0.03645734861493111,
                "z": 0.03645734861493111,
                "w": 1.0
            },
            "voidColor": {
                "x": 0.04663211107254028,
                "y": 0.02440333180129528,
                "z": 0.02440333180129528,
                "w": 1.0
            },
            "cloudsSpeed": -0.10000000149011612
        },
        "lighting": {
            "cereal_class_version": 0,
            "ambientStrength": 1.9500000476837159,
            "ambientShadowStrength": 0.4099999964237213
        }
    }
}