{
    "data": {
        "cereal_class_version": 1,
        "fog": {
            "cereal_class_version": 0,
            "color": {
                "x": 0.5904761552810669,
                "y": 0.1574603021144867,
                "z": 0.1574603021144867
            },
            "density": 0.2199999988079071,
            "height": 0.2199999988079071
        },
        "ssao": {
            "cereal_class_version": 0,
            "strength": 2.0,
            "bias": 0.009999999776482582,
            "radius": 0.20000000298023225,
            "minDistance": 1.0,
            "maxDistance": 3.0
        },
        "fxaa": {
            "cereal_class_version": 0,
            "enableFXAA": true,
            "edgeThresholdMin": 0.031199999153614045,
            "edgeThresholdMax": 0.125,
            "subPixelQuality": 1.2000000476837159,
            "iterations": 12
        },
        "bloom": {
            "cereal_class_version": 1,
            "colorWeights": {
                "x": 0.2125999927520752,
                "y": 0.7152000069618225,
                "z": 0.0722000002861023
            },
            "strength": 0.5,
            "gradientStrength": 0.05000000074505806,
            "maxBrightnessExtraction": 5.0,
            "filterRadius": 0.004999999888241291
        },
        "tonemapping": {
            "cereal_class_version": 5,
            "tonemappingFunction": 7,
            "exposure": 1.0470000505447388,
            "enableVignette": true,
            "vignetteIntensity": 0.13899999856948853,
            "enableLensDistortion": true,
            "lensDistortionIntensity": -0.04899999871850014,
            "lensDistortionCubicIntensity": -0.23399999737739564,
            "screenScale": 0.9879999756813049,
            "enableToneAdjustments": true,
            "brightness": 0.0,
            "contrast": 1.2000000476837159,
            "saturation": 0.8399999737739563,
            "vibrance": 0.9599999785423279,
            "hue": 0.0,
            "enablePixelization": true,
            "minPixelSize": 2.009999990463257,
            "maxPixelSize": 4.010000228881836,
            "pixelizationLevels": 8.0,
            "pixelizationDepthBias": 20.0,
            "enablePalette": true,
            "ditherAmount": 0.15000000596046449,
            "paletteAmount": 0.800000011920929,
            "palette": {
                "value0": {
                    "x": 0.47058823704719546,
                    "y": 0.47058823704719546,
                    "z": 0.47058823704719546,
                    "w": 1.0
                },
                "value1": {
                    "x": 0.0235294122248888,
                    "y": 0.0235294122248888,
                    "z": 0.0235294122248888,
                    "w": 1.0
                },
                "value2": {
                    "x": 0.3686274588108063,
                    "y": 0.16862745583057404,
                    "z": 0.08627451211214066,
                    "w": 1.0
                },
                "value3": {
                    "x": 0.6745098233222961,
                    "y": 0.07058823853731156,
                    "z": 0.07058823853731156,
                    "w": 1.0
                },
                "value4": {
                    "x": 0.05882352963089943,
                    "y": 0.05882352963089943,
                    "z": 0.05882352963089943,
                    "w": 1.0
                }
            }
        },
        "lighting": {
            "cereal_class_version": 0,
            "ambientStrength": 1.9500000476837159,
            "ambientShadowStrength": 0.4099999964237213
        }
    }
}