{
    "settings": {
        "cereal_class_version": 0,
        "fog": {
            "cereal_class_version": 0,
            "color": {
                "x": 0.5904761552810669,
                "y": 0.1574603021144867,
                "z": 0.1574603021144867
            },
            "density": 0.0,
            "height": 0.2199999988079071
        },
        "ssao": {
            "cereal_class_version": 0,
            "strength": 0.0,
            "bias": 0.009999999776482582,
            "radius": 0.20000000298023225,
            "minDistance": 1.0,
            "maxDistance": 3.0
        },
        "fxaa": {
            "cereal_class_version": 0,
            "enableFXAA": true,
            "edgeThresholdMin": 0.031199999153614045,
            "edgeThresholdMax": 0.125,
            "subPixelQuality": 1.2000000476837159,
            "iterations": 12
        },
        "bloom": {
            "cereal_class_version": 0,
            "colorWeights": {
                "x": 0.2125999927520752,
                "y": 0.7152000069618225,
                "z": 0.0722000002861023
            },
            "strength": 0.2999999523162842,
            "gradientStrength": 0.20000000298023225,
            "maxBrightnessExtraction": 5.0
        },
        "tonemapping": {
            "cereal_class_version": 0,
            "tonemappingFunction": 7,
            "exposure": 0.7910000085830689,
            "enableVignette": true,
            "vignetteIntensity": 0.13899999856948853,
            "enableLensDistortion": true,
            "lensDistortionIntensity": -0.07199999690055847,
            "lensDistortionCubicIntensity": -0.25699999928474429,
            "screenScale": 1.0,
            "enableToneAdjustments": true,
            "brightness": -0.014999999664723874,
            "contrast": 1.0700000524520875,
            "saturation": 0.9449999928474426,
            "vibrance": 0.9599999785423279,
            "hue": 0.0
        }
    }
}