{
    "value0": {
        "cereal_class_version": 0,
        "value0": {
            "cereal_class_version": 0,
            "value0": {
                "value0": 0.699999988079071,
                "value1": 0.5,
                "value2": 0.5
            },
            "value1": 0.20000000298023225,
            "value2": 0.30000001192092898
        }
    }
}