{
    "data": {
        "cereal_class_version": 0,
        "fog": {
            "cereal_class_version": 0,
            "color": {
                "x": 0.5904761552810669,
                "y": 0.1574603021144867,
                "z": 0.1574603021144867
            },
            "density": 15.899999618530274,
            "height": 3.3299999237060549
        },
        "ssao": {
            "cereal_class_version": 0,
            "strength": 2.0,
            "bias": 0.009999999776482582,
            "radius": 0.20000000298023225,
            "minDistance": 1.0,
            "maxDistance": 3.0
        },
        "fxaa": {
            "cereal_class_version": 0,
            "enableFXAA": true,
            "edgeThresholdMin": 0.031199999153614045,
            "edgeThresholdMax": 0.125,
            "subPixelQuality": 1.2000000476837159,
            "iterations": 12
        },
        "bloom": {
            "cereal_class_version": 0,
            "colorWeights": {
                "x": 0.2125999927520752,
                "y": 0.7152000069618225,
                "z": 0.0722000002861023
            },
            "strength": 0.4000000059604645,
            "gradientStrength": 0.05000000819563866,
            "maxBrightnessExtraction": 5.0
        },
        "tonemapping": {
            "cereal_class_version": 5,
            "tonemappingFunction": 8,
            "exposure": 0.7749999761581421,
            "enableVignette": true,
            "vignetteIntensity": 0.7699999809265137,
            "enableLensDistortion": false,
            "lensDistortionIntensity": -0.04899999871850014,
            "lensDistortionCubicIntensity": -0.23399999737739564,
            "screenScale": 0.9879999756813049,
            "enableToneAdjustments": true,
            "brightness": 0.09000000357627869,
            "contrast": 1.4500000476837159,
            "saturation": 0.7599999904632568,
            "vibrance": 0.9750000238418579,
            "hue": 0.9850000143051148,
            "enablePixelization": true,
            "minPixelSize": 1.0,
            "maxPixelSize": 4.0,
            "pixelizationLevels": 8.0,
            "pixelizationDepthBias": 20.0,
            "enablePalette": false,
            "ditherAmount": 0.029999999329447748,
            "paletteAmount": 0.3499999940395355,
            "palette": {
                "value0": {
                    "x": 0.47058823704719546,
                    "y": 0.47058823704719546,
                    "z": 0.47058823704719546,
                    "w": 1.0
                },
                "value1": {
                    "x": 0.0235294122248888,
                    "y": 0.0235294122248888,
                    "z": 0.0235294122248888,
                    "w": 1.0
                },
                "value2": {
                    "x": 0.3686274588108063,
                    "y": 0.16862745583057404,
                    "z": 0.08627451211214066,
                    "w": 1.0
                },
                "value3": {
                    "x": 0.6745098233222961,
                    "y": 0.07058823853731156,
                    "z": 0.07058823853731156,
                    "w": 1.0
                },
                "value4": {
                    "x": 0.05882352963089943,
                    "y": 0.05882352963089943,
                    "z": 0.05882352963089943,
                    "w": 1.0
                }
            }
        }
    }
}