{
  "value0": {
    "value0": {
      "value0": 0.7679324746131897,
      "value1": 0.37348678708076479,
      "value2": 0.23977640271186829
    },
    "value1": 0.20000000298023225,
    "value2": 0.30000001192092898
  }
}